področje,podpodročje,id,naslov,avtor,pozicija,jezik,zbirka,država,LETO,
7,1,1,NEMŠČINA ZA POTOVANJA IN PROSTI ČAS,VUKAŠINOVIĆ-MIKUŽ MARIJA,1,0,,,,
6,1,2,TRI RAZPRAVE,SCHMITT CARL,1,0,,,,
7,1,3,ANGLEŠKO SLOVENSKI SLOVAR,JAVORŠEK MARIJA,1,0,,,,
7,1,4,SLOVAR TUJK,BUNC STAKO,1,0,,,,
7,1,4,SLOVAR TUJK,BUNC STAKO,1,0,,,,
7,3,5,MALI SLOVENSKI PRAVOPIS,BUNC STAKO,1,0,,,,
7,2,6,SLOVENSKA SLOVNICA,TOPORIŠIČ JOŽE,1,0,,,,
7,1,7,ANGLEŠČINA ZA POTOVANJA IN PROSTI ČAS,BERCE SONJA,1,0,,,,
7,1,8,ANGLEŠKO SLOVENSKI SLOVAR,GRAD ANTON,1,0,,,,
7,1,9,SLOVENSKO ANGLEŠKI SLOVAR,GRAD ANTON,1,0,,,,
7,1,9,SLOVENSKO ANGLEŠKI SLOVAR,GRAD ANTON,1,0,,,,
7,2,11,FUNDAMENTA LATINA I,ŠAŠEL ANA,1,0,,,,
7,1,12,POLITEHNIČKI REČNIK,VEČ,1,2,,,,
7,1,13,ŠOLSKI SLOVAR FRANCOŠČINE,VEČ,1,0,,,,
7,2,14,NEMŠKA SLOVNICA PO NAŠE,MUSTER ČENČRU NANIKA,1,0,,,,
7,1,15,POCKET DICTIONARY OF BUSINESS GERMAN,SHAW GISELA,1,1,,,,
7,1,16,FRANCOSKO SLOVENSKI MODERNI SLOVAR,GRAD ANTON,1,0,,,,
7,1,17,NEMŠKO SLOVENSKI MODERNI SLOVAR,DEBENJAK DORIS,1,0,,,,
7,1,18,FRANCOSKO SLOVENSKI MODERNI SLOVAR,GRAD ANTON,1,0,,,,
7,1,19,SLOVENSKO HRVAŠKI SLOVAR,JURANIČIČ JANKO,1,0,,,,
7,1,20,ANGLEŠKO SLOVENSKI SLOVAR,KOMAC,1,0,,,,
7,1,21,DICTIONNAIRE DES SYNONYMES,BAR ELVIRE,1,3,,,,
7,1,22,DICTIONNAIRE ETYMOLOGIQUE ET HISTORIQUE DU FRANCAIS,DUBOIS,1,3,,,,
7,1,23,OXFORD ADVANCED LEARNER'S DICTIONARY,COWIE,1,1,,,,
7,1,24,ANGLEŠKO SLOVENSKI SLIKOVNI SLOVAR,VEČ,1,0,,,,
0,2,25,ATLAS SLOVENIJE,VEČ,1,0,,,,
7,3,26,SLOVENSKI PRAVOPIS,RAMOVŠ  ŽUPANČIČ ,0,1,,,1950,
7,2,27,ENGLISH RAMMAR IN USE,MURPHY RAYMOND,1,0,,,,
7,1,28,VELIKI ANGLEŠKO SLOVENSKI SLOVAR,GRAD ŠKERLJ VITOROVIČ,1,0,,,,
0,1,29,ENCIKLOPEDIJA TEHNIKE,VEČ,1,0,,,,
6,7,30,LJUDSTVA SVETA 4,VEČ,1,0,LJUDSTVA SVETA,,,
6,7,30,LJUDSTVA SVETA 3,VEČ,1,0,LJUDSTVA SVETA,,,
0,1,32,MALA SPLOŠNA ENCIKLOPEDIJA A-G,VEČ,1,0,MALA SPLOŠNA ENCIKLOPEDIJA,,,
0,1,32,MALA SPLOŠNA ENCIKLOPEDIJA H-O,VEČ,1,0,MALA SPLOŠNA ENCIKLOPEDIJA,,,
0,1,32,MALA SPLOŠNA ENCIKLOPEDIJA P-Ž,VEČ,1,0,MALA SPLOŠNA ENCIKLOPEDIJA,,,
6,6,35,SVETOVNA ZGODOVINA,VEČ,1,0,SVETOVNA,,,
9,5,36,POMOČ IZ DOMAČE LEKARNE,AŠIČ SIMON,1,0,POMOČ IZ,,,
9,2,37,PLEZALKE IN STENSKE RASTLINE,HELLYER ARTHUR,1,0,MOJE VRTNE RASTLINE,,,
9,2,38,DIŠEČE CVETNICE,BONAR ANN,1,0,MOJE VRTNE RASTLINE,,,
9,2,39,VRT IN LETNI ČASI,GOLOB IZIDOR,1,0,,,,
9,2,40,NARAVNO IN VARČNO VRTNARJENE,STAFFLER MARTIN,1,0,,,,
9,2,41,MOJ EKOVRT,PUŠENJAK MIŠA,1,0,,,,
9,2,42,REZ SADNIH RASTLIN,ŠTAMPAR FRANCI,1,0,,,,
9,2,43,ZELENJAVNI VRT,SEDDON RADECKA,1,0,,,,
9,2,44,VRTNARSKI PRIPOČNIK,KRALJEVO HORTIKULTURNO ZDRUŽENJE,1,0,,,,
9,2,45,POPOLN ZELENJAVNI VRT,BRADLEY COURTIER,1,0,,,,
9,2,46,OBREZOVANJE RASTLIN,HAAS HANSJORG,1,0,,,,
9,2,47,V SADNEM VRTU,VEČ,1,0,,,,
9,2,48,MOJ VRT MOJE VESELJE VINOGRADNIŠTVO,COLNARIČ VRABL,1,0,,,,
9,2,49,VODNIK PO VRTU ,PUŠENJAK MIŠA,1,0,,,,
9,4,50,NAREDIMO SAMI,MCGOWAN DUBERN,1,0,,,,
9,4,51,USTVARJALNO OPREMLJANJE OKEN,VEČ,1,0,,,,
9,4,52,VELIKA KNJIGA O UREJANJU STANOVANJA,BRAUER SIGRID,1,0,,,,
9,1,53,SLIKANJE NA STEKLO ,VEČ,1,0,PREPOROSTE TEHNIKE,,,
9,1,54,SLIKANJE NA KERAMIKO,VEČ,1,0,PREPOROSTE TEHNIKE,,,
9,1,55,KVAČKANJE,FAJFAR METKA,1,0,,,,
9,5,56,MASAŽA,MASWELL HUDSON CLARE,1,0,,,,
9,5,57,ABC MASAŽE,VEČ,1,0,ABC,,,
9,1,58,MOSAICS,VEČ,1,1,,,,
9,1,59,ABC ŠIVANJA,BREE ALMUT,1,0,ABC,,,
9,1,60,TO ZMOREM TUDI JAZ,KADUNC LIPAR GENIJA,1,0,,,,
9,1,61,ABC PLETENJA,NATTER MARIA,1,0,ABC,,,
9,5,62,ŽIVETI MODRO SPROSTITVE MEDITACIJE,STERLE MARKO,1,0,,,,
9,4,63,FENG ŠUJ,VEČ,1,0,,,,
9,4,64,DELAJMO Z LESOM ,VEČ,1,0,,,,
9,4,65,MODERNIZIRAJMO STARO HIŠO,GORES HANS,1,0,,,,
0,3,66,ROBERT FISCHER,PASTERNJAK ALEKSANDER,1,0,,,,
1,6,67,VOJNI DNEVNIK FILIPA JURKOVIČA,FILIP JURKOVIČA,1,0,,,,
9,3,68,RECEPTI ZA BIO HRANO,OMAHEN MARIJA,1,0,,,,
9,3,69,DR. OETKER,VEČ,1,0,,,,
9,3,70,SLOVENSKA KUHARICA,KALINŠEK FELICITA,1,0,,,1963,
9,3,71,KUHINJA SLOVENIJE,ADAMLJE BOGATAJ,1,0,,,,
9,3,72,PREFFINJENE SLADICE,VEČ,1,0,,,,
9,3,73,KUHARICA S. F. KALINŠEK,VANDELINA ILC,1,0,,,,
9,3,74,KUHARICA S. F. KALINŠEK,MOTOH ŠILC ŠUŠTERŠIČ,1,0,,,1971,
9,3,75,JUHE IN ENOLONČNICE,WOLTER ANNETTE,1,0,,,,
9,3,76,HUJŠANJE Z UŽITKOM,FOURRIER MIGNONAC,1,0,,,,
9,3,77,KUHINJA ZA KRIZNE ČASE SLANE JEDI,VEFHOVAR DARINKA,1,0,,,,
9,3,78,KNJIŽICA RECEPTOV 1,VEČ,1,0,KROŽNIK OKUSOV,,,
9,3,79,KNJIŽICA RECEPTOV 2,VEČ,1,0,KROŽNIK OKUSOV,,,
9,5,80,TELOVADBA ZA VSAK DAN,DORING ILSE,1,0,,,,
8,5,81,STROJI,VEČ,1,0,,,,
6,6,82,ZGODOVINA SLOVENCEV,VEČ,1,0,,,,
7,4,83,PREGLED SLOVENSKEGA SLOVSTVA,KOS JANKO,1,0,,,,
7,5,84,MALA LITERARNA TEORIJA,KMELC MATJAŽ,1,0,,,,
6,6,85,ZGODOVINA 3,GROBELNIK VOJE,1,0,,,,
8,6,86,ŽIVALI,VEČ,1,0,,,,
0,1,87,VSEVEDNIK,DRAGO BAJT,1,0,,,,
8,7,88,USPEŠNEJE REŠEVATI PROBLEME,JAUŠOVEC NORBERT,1,0,,,,
8,1,89,KOMBINATORIKA,ČIBEJ JOŽE ANDREJ,1,0,MATEMATIKA,,,
8,1,90,VERJETNOSTNI RAČUN IN STATISTIKA,ČIBEJ JOŽE ANDREJ,1,0,MATEMATIKA,,,
8,2,91,FIZIKA NALOGE,KREGAR ALEKSANDER,1,0,,,,
8,1,92,UVOD V STATISTIKO,BLEJEC MARIJAN,1,0,,,,
8,1,93,STATISTIKA I: OBRAZCI IN POSTOPKI,ARH FRANC,1,0,,,,
7,4,94,KNJIŽEVNOST: PRIROČNIK Z VAJAMI,HONZAK MOJCA,1,0,,,,
7,4,95,KNJIŽEVNOST: PRIROČNIK Z VAJAMI - REŠITVE,HONZAK MOJCA,1,0,,,,
8,6,96,RAZUMETI MICROSOFT.NET,DEPETRILLO BART,1,0,,,,
8,1,97,MATEMATIKA: OD ZLATEGA REZA DO TEORIJE MNOŽIC,ADLER IRVING,1,0,,,,
8,1,98,MATEMATIKA=ZABAVA 1,PERŠKE KLEPIĆ,1,0,MATEMATIKA=ZABAVA,,,
8,1,98,MATEMATIKA=ZABAVA 2,PERŠKE KLEPIĆ,1,0,MATEMATIKA=ZABAVA,,,
8,1,100,MATEMATIČNI PRIROČNIK ZA SREDNJE ŠOLE,VEČ,1,0,,,,
0,2,101,WEBSTER'S CONCISE WORLD ATLAS AND ALMANAC,VEČ,1,1,,,,
0,2,102,ATLAS,VEČ,1,0,,,,
6,9,103,ENCIKLOPEDIJA ASTROLOGIJE,AUBIER CATHERINE,1,0,,,,
8,2,104,KAOS,GLEICK JAMES,1,0,,,,
7,4,105,SVETOVNA KNJIŽEVNOST I,KOS JANKO,1,0,,,,
7,4,106,SVETOVNA KNJIŽEVNOST II,KOS JANKO,1,0,,,,
6,2,107,JA SAM OK TI SI OK,HARRIS THOMAS,1,2,,,,
0,3,108,VELIKA KNJIGA IGER,GOOCK RONALD,1,0,,,,
6,9,109,SVETO PISMO ZA NAJMLAJŠE,VEČ,1,0,,,,
6,9,110,SVETO PISMO,VEČ,1,0,,,,
6,5,111,LIKOVNA PRIČEVANJA IN RAZMIŠLJANJA O KULTURI 2,LIPOVEC DUŠAN,1,0,LIKOVNA PRIČEVANJA,,,
6,6,112,OBRAZI MORJA,ZEI MIROSLAV,1,0,,,,
6,1,113,ZA KAKŠEN SVET VZGAJAMO NAŠEGA OTROKA,STRITIH ČAČINOVIČ,1,0,,,,
6,2,114,PSIHOLOGIJA DRUŽINE,GABI ĆAČINOVIČ,1,0,,,,
6,1,115,ŽENSKE IN DISKRIMINACIJA,VEČ,1,0,,,,
6,2,116,NEMIRNI UČENEC,KOS-MIKUŠ SVETINA,1,0,,,,
6,2,117,PREMAGOVANJE DEPRESIJE,GILLETT RICHARD,1,0,,,,
6,8,118,PRLEKIJA,AMBROŽ CIRIL,1,0,,,,
0,0,119,KAMNIŠKI ZBORNIK 1998,HUMAR MARJETA,1,0,,,,
0,0,120,KAMNIŠKI ZBORNIK 2002,HUMAR MARJETA,1,0,,,,
6,1,121,SOCIOLOGIJA SHEMATSKI PREGLEDI,VEČ,1,0,,,,
6,2,122,PSIHOLOGIJA SHEMATSKI PREGLEDI,HILL GRAHAME,1,0,,,,
6,5,123,DUŠAN LIPOVEC - SLIKARSKI PESNIK NARAVE,DUŠAN LIPOVEC,1,0,,,,
6,5,124,LIKOVNA PRIČEVANJA IN RAZMIŠLJANJA O KULTURI 1,DUŠAN LIPOVEC,1,0,LIKOVNA PRIČEVANJA,,,
6,5,125,IMPRESIJE SLOVENSKE POKRAJINE,DUŠAN LIPOVEC,1,0,,,,
6,9,126,LEV,PARKER,1,0,NEBESNA ZNAMENJA,,,
6,9,127,SANJE,VEČ,1,0,,,,
6,1,128,DELAVNICE OD BLIZU,VEČ,1,0,,,,
6,1,129,SLOVAR SOCIALNO ALKOHOLOŠKEGA IZRAZJA,RAMOVŠ,1,0,,,,
1,3,130,PRI NAS JE VSE V REDU,MOŠKRIČ MARJAN,1,0,,,,
1,7,131,DOKTOR ŽIVIH IN MRTVIH,PEČJAK VID,1,0,,,,
1,6,132,GRAD KRALJA MATJAŽA,STANIČ JANEZ,1,0,PREŠERNOVA DRUŽBA,,,
1,0,133,ČAS ZA ROPARICE,ŠKRINJAR POLONA,1,0,PREŠERNOVA DRUŽBA,,,
1,0,134,PESNIK IN POLICISTKA,KAVČIČ VLADIMIR,1,0,PREŠERNOVA DRUŽBA,,,
6,8,135,STO NARAVNIH ZNAMENITOSTI SLOVENIJE,SKOBERNE PETER,1,0,PREŠERNOVA DRUŽBA,,,
6,5,132,STO NAJLEPŠIH KMEČKIH HIŠ NA SLOVENSKEM,SEDEJ IVAN,1,0,PREŠERNOVA DRUŽBA,,,
1,0,137,KAVE,STOPAR PETER ,1,0,1,PREŠERNOVA DRUŽBA,,
5,1,138,STIHI MOJIH DNI,MENART JANEZ,1,0,,,,
2,0,139,SEVERNA DEŽELA,TUURI ANTTI,1,0,,,,
2,0,140,NAROBE CIRKUS,MAGNANI MILENA,1,0,,,,
1,0,141,SAMOGOVORNIKI,LOKAR DANILO,1,0,,,,
2,0,142,I' M NOT SCARED,AMMANITI NICCOLO,1,1,,ITALIJA,,
2,0,143,SEMENJ,POLIQUIN DANIEL,1,0,,,,
5,1,144,ANTOLOGIJA SLOVENSKIH PESNIC,VEČ,1,0,,,,
5,1,145,ANTON AŠKERC IZBRANO DELO,AŠKERC ANTON,1,0,,,,
5,1,146,POEZIJE,PREŠEREN FRANCE,1,0,,,,
5,1,147,POEZIJE,PREŠEREN FRANCE,1,0,,,,
2,0,148,KJE JE TVOJ BRAT ABEL,SIMMEL MARIO JOHANNES,1,0,,,,
5,1,149,PRISLUŠKUJEM TIŠINI V SEBI,MINATTI IVAN,1,0,,,,
5,2,150,O LJUBEZNI,VEČ,1,0,,,,
5,2,151,LIRIKA ,WHITMAN WALT,1,0,,AMERIKA,,
5,1,152,PARADA,KLEČ MILAN,1,0,,,,
5,1,153,NAMESTO KOGA…SONČEK JE…,PREDIN KRESLIN,1,0,,,,
5,1,154,ZLATA PRAVILA ŽIVLJENJA,LENARDIČ DARJA,1,0,,,,
5,1,155,MOJA PESEM,DESTOVNIK KAJUH KAREL,1,0,,,,
5,2,156,IZBOR LORCA,LORCA GARCIA FEDERICO,1,2,,,,
5,2,157,CANTE JONDO,LORCA GARCIA FEDERICO,1,0,,ŠPANIJA,,
5,1,158,NAČIN VEZAVE PESMI,VIDMAR MAJA,1,0,,,,
5,2,159,ZBORNIK LITERATURA,VEČ,1,0,,AMERKA,,
5,1,160,KADAR LJUBIMO,MAURER NEŽA,1,0,,,,
5,1,161,MASKE,ŠALAMUN TOMAŽ,1,0,,,,
5,1,162,BARVE BESED,LIPOVEC DUŠAN,1,0,,,,
5,1,163,KRIZANTEMA NA KLAVIRJU,MAKAROVIČ SVETLANA,1,0,,,,
5,1,164,MAJNICE,PAVČEK TONE,1,0,,,,
5,1,165,GRAFITI,VEČ,1,0,,,,
5,1,166,MOJI MAMICI,VEČ,1,0,,,,
4,2,167,TARTUFFE,MOLIERE ,1,0,,FRANCIJA,,
4,2,168,ANTIGONA,SOFOKLES,1,0,,GRČIJA,,
5,1,169,POEZIJE SIMONA GREGORČIČA,GREGORČIČ SIMON,1,0,,,,
5,1,170,SOOČENJE,ŠTANCAR MONOS MARJAN,1,0,,,,
5,2,171,LOVE, A KEEPSAKE,EXLEY HELEN,1,1,,,
5,1,172,SLOVENSKE LJUDSKE PESMI,VEČ,1,0,,,,
2,0,173,PREROK,GIBRAN KAHLIL,1,0,,,,
5,1,174,LJUBEZEN V SLOVENSKI NARODNI PESMI,VEČ,1,0,,,,
6,5,175,LIKOVNA UMETNOST,VEČ,1,0,,,,
1,5,176,FRAN LEVSTIK,KMECL MATJAŽ,1,0,,,,
2,4,177,ŠOJINO POLETJE ,TREVOR ELLESTON,1,0,,,,
6,6,178,NAŠ KRAJ V ČASU, KI JE MINIL - PRESERJE,SLEVEC MARIJAN,1,0,,,
5,2,179,OSTALA SAM SAMA,JELČIČ JASMINA,1,2,,HRVAŠKA,,
5,1,180,SVETA SI ZEMLJA,VEČ,1,0,,,,
5,1,181,HAIKU,GROŠELJ EMA LEILA,1,0,,,,
5,2,182,MAKEDONSKA POEZIJA,VEČ,1,0,,MAKEDONIJA,,
5,1,183,ZMEROM SVOJO GONI SLAVČEK,PREŠEREN FRANCE,1,0,,,,
2,3,184,HUDIČEV SLOVARČEK,VEČ,1,0,,,,
5,1,185,PESMI,JENKO SIMON,1,0,,,,
5,1,186,IZBRANE PESMI ,ŽUPANČIČ OTON,1,0,,,,
2,0,187,V SOBOTO ZVEČER IN V NEDELJO ZJUTRAJ,SILLITOE ALAN,1,0,,,,
5,1,188,TEMPORA MUTANTUR 1,VEČ,1,0,,,,
5,1,188,TEMPORA MUTANTUR 2,VEČ,1,0,,,,
5,1,190,PESMI,KETTE DRAGOTIN,1,0,,,,
6,6,191,BALKAN,MAZOWER MARK,3,0,,,,
6,6,192,NACIONALIZEM IN NASILJE,ADRIANO CINGOLANI,3,0,,,,
6,10,193,A THAORY OF NONVIOLENT ACTION,VINTHAGEN STELLAN,3,1,,,,
6,10,194,THE ECONOCRACY,EARLE JO,3,1,,,,
6,10,195,A GIFT OF LOVE,LUTHER KING MARTIN,3,1,,,,
6,6,196,EVROCENTRIZEM,AMIN SAMIR,3,0,,,,
6,1,197,POLICIJA, DEMONSTRACIJE, OBLAST,ČELIK PAVLE,,,,
6,10,198,SVOBODA ALI SUŽENJSTVO?,ORWELL GEORGE,3,0,,,,
6,10,199,ISTRUZIONI PER DIVENTARE FASCISTI,MURGIA MICHELA,3,4,,,,
8,3,200,SOCIALISTIČNI GOSPODARSKI SISTEM IN NJEGOVE PREDNOSTI PRED KAPITALISTIČNIM SISTEMOM,OSTROVITJANOV,3,0,,,,
6,6,201,ZGODOVINA ZA POKLICNE ŠOLE,TITL JULIJ,3,0,,,,
6,10,202,ANARHIZEM: ONKRAJ OBSTOJEČEGA,ČKZ,3,0,ČKZ,,,
6,10,203,REVOLUCIJA,BRAND RUSSELL,3,0,,,,
2,8,204,RAKOV POVRATNIK,MILLER HENRY,3,0,VRHUNCI STOLETJA,,,
9,5,205,ŠČEPEC VEDENJA,VEČ,3,0,,,,
5,1,206,ANALOGIJE SVETLOBE,ŠALAMUN TOMAŽ,3,0,,,,
6,6,207,THE DEATH OF YUGOSLAVIA,SILBER LITTLE,3,1,,,,
6,10,208,CRACK CAPITALISM,HOLLOWAY JOHN,3,1,,,,
6,10,209,OCCUPY,CHOMSKY NOAM,3,1,,,,
6,1,210,HRUP Z METELKOVE,BIBIČ BRATKO,3,0,ČKZ,,,
6,10,211,SLOVNICA MNOŠTVA,VIRNO PAOLO,3,0,,,,
6,10,212,DRUŽBO JE TREBA BRANITI,FOUCAULT MICHEL,3,0,,,,
6,6,213,THE DEMOCRACY PROJECT,GRAEBER DAVID,3,1,,,,
6,10,214,NESIMO JIH VUN! - PREMISLEKI VSTAJNIŠTVA,ČKZ,3,0,ČKZ,,,
6,10,215,EQUILIBRI 2/2004,VEČ,3,4,,,,
6,10,216,SCENES FROM OCCUPIED AMERICA,OCCUPY,3,1,,,,
6,7,217,PISATI ANTROPOLOGIJO,STRATHERN MARILYN,3,0,,,,
6,6,218,RIMSKO CESARSTVO,LAURENCE RAY,3,0,,,,
6,10,219,NEUSTRAŠNI GOVOR,FOUCAULT MICHEL,3,0,,,,
6,3,220,LENIN IZBRANO DELO,LENIN VLADIMIR ILIČ,3,0,,,,
6,6,221,ZGODOVINA MEDNARODNIH ODNOSOV,BENKO VLADIMIR,3,0,,,,
6,10,222,ANTOLOGIJA ANARHIZMA 3,VODOVNIK ŽIGA,3,0,,,,
6,7,223,FRAGMENTI ANARHISTIČNE ANTROPOLOGIJE,GRAEBER DAVID,3,0,,,,
6,10,224,BIOPOLITIKA,KURNIK ANDREJ,3,0,,,,
6,10,225,KRALJU ODSEKATI GLAVO,DOLAR MLADEN,3,0,,,,
7,1,226,VEČJEZIČNI POSLOVNI PRIROČNIK,VEČ,3,0,,,,
7,1,227,POCKET DICTIONARY OF BUSINESS ITALIAN,VEČ,3,1,,,,
7,1,228,ITALJANŠČINA ZA POTOVANJA IN PROSTI ČAS,BERCE SONJA,3,0,,,,
2,0,229,ŽENSKE, KI TEČEJO Z VOLKOVI,PINKOLA ESTES CLARISSA,?,,,,
2,11,230,BOBRI,JALEN JANEZ,?,0,,,,
6,5,231,NAPISATI SCENARIJ,CHION MICHEL,4,0,,,,
6,9,232,IZVOR RELIGIJE,HAINCHELIN,4,0,,,,
7,4,233,BESEDNA UMETNOST,TRDINA SILVA,4,0,,,,
5,2,234,SURREALIST POETRY IN ENGLISH,GERMAIN EDWARD,4,1,,,,
7,4,235,ALBUM SLOVENSKIH KNJIŽEVNIKOV,ŠLEBINGER JANKO,4,0,,,,
7,2,236,SLOVENSKI JEZIK II,VEČ,4,0,,,,
6,4,237,ALI SREDIŠČE DRŽI?: UVOD V ZAHODNO FILOZOFIJO,PALMER DONALD,4,0,,,,
8,1,238,VIŠJA MATEMATIKA I,VIDAV IVAN,4,0,,,,
8,1,239,LOGARITMI IN DRUGE TABELE,URŠIČ STANKO,4,0,,,,
8,6,240,UVOD U MIKROPROCESORE,GRUNDLER DARKO,4,2,,,,
8,6,241,RAČUNALNIŠKI IZZIV,EVANS CHRISTOPHER,4,0,,,,
8,2,242,FIZIKA PRVI DEL MEHANIKA IN TOPLOTA,STRNAD JANEZ,4,0,,,,
8,5,243,RADIOTEHNIKA IN ELEKTRONIKA,ŠILER SVETISLAV,4,0,,,,
8,4,244,PERIODNI SISTEM,PARSONS DIXON,4,0,,,,
6,2,245,MOČ MOŽGANOV,BAMBECK WOLTERS,4,0,,,,
8,3,246,ANATOMIJA ČLOVEKA,VEČ,4,0,,,,
6,2,247,KNJIGA O MOŽGANIH,RUSSELL PETER,4,0,,,,
9,5,248,UČIM SE JOGE,LYSEBETH ANDRE,4,0,,,,
9,1,249,SUPER KROJENJE,MALALAN ANA,4,0,,,,
8,3,250,VELIKI ATLAS ANATOMIJE,SCHULER WALDMANN,4,0,,,,
0,0,251,LETOPIS GIMVIČ 2017,VEČ,4,0,,,,
0,0,252,PRIROČNIK: PREDPISI O VARNOSTI CESTNEGA PROMETA,AMZS,4,0,,,,
0,0,253,TESTI ZA VAJO IZ PROMETNIH PREDPISOV,AMZS,4,0,,,,
0,0,254,ZBIRKA MATURITETNIH NALOG 1995 IN 1996,URŠIČ METKA,4,0,,,,
2,3,255,MURPHYJEV ZAKON,BLOCH ARTHUR,4,0,,,,
2,5,256,PIAF,SIMONE BERTEAUT,4,1,,,,
2,5,257,FEMMES D'EXCEPTION,REBOUL SYLVIE,4,3,,,,
6,7,258,L'HOMME ET SON BIEN-ETRE,VEČ,4,3,,,,
7,4,259,COLLECTION LITTERAIRE XIXe SIECLE,LAGARDE MICHARD,4,3,,,,
7,4,260,COLLECTION LITTERAIRE XXe SIECLE,VEČ,4,3,,,,
6,6,261,20. STOLETJE 8. RAZRED OŠ,NEŠOVIĆ PRUNK,4,0,,,,
6,6,262,100 SLAVNIH REKOV,BUČEVIĆ KUNC,4,0,,,,
0,2,263,ATLAS SVETA ZA OŠ,VEČ,4,0,,,,
1,7,264,PODOBE IZ ŽIVLJENJA IN SANJ,CANKAR IVAN,4,0,,,,
2,10,265,1984,ORWELL GEORGE,4,0,,ANGLIJA,,
5,2,266,JACQUES PREVERT,PREVERT JACQUES,4,0,,,,
6,1,267,NA ROBU IN NA DNU V PARIZU IN LONDONU,ORWELL GEORGE,4,0,,ANGLIJA,,
8,2,268,MORJE IN VESOLJE,CLARKE ARTHUR,4,0,,,,
2,0,269,ZGODBA MOJE DIJAŠKE KNJIŽICE,NAGY KATALIN,4,0,,,,
6,10,270,NA BEGU,VIDEMŠEK BOŠTJAN,3,0,,,,
6,10,271,MITOLOGIJE,BARTHES RONALD,3,0,,,,
1,7,272,SOLZICE,VORANC PREŽIHOV,2,0,,,,
3,0,273,ALVIN OH: ALERGIČEN NA TABORJENJE,LOOK LENORE,2,0,,,,
3,0,274,KAKO JE RABELJ IZGUBIL SRCE,GRANT,2,0,,,,
3,0,275,PEPELJUGINA ČAROBNA PUSTOLOVINA,DISNEY WALT,2,2,ODABERI SVOJU PUSTOLOVINU,,,
3,0,276,VELIK KRIŽ,ŠMAHELOVA HELENA,2,0,,,,
3,0,277,TINTIN V SOVJETSKI ZVEZI,HERGE,2,0,TINTIN,,,
3,0,278,SNJEGULJICA U ZAČARANOJ ŠUMI,DISNEY WALT,2,2,ODABERI SVOJU PUSTOLOVINU,,,
0,0,279,GUINNESS WORLD RECORDS 2019,VEČ,2,0,GUINNESS WORLD RECORDS,,,
0,0,280,GUINNESS WORLD RECORDS 2017,VEČ,2,0,GUINNESS WORLD RECORDS,,,
3,0,281,JEŽEK SNEŽEK,NOVAK TANJA,2,0,,,,
0,1,282,SVETOVNA ENCIKLOPEDIJA ZA ŠOLO IN DOM,VEČ,2,0,,,,
3,0,283,PRIGODE TOMA SAWYERJA,TWAIN MARK,2,0,,,,
0,0,284,GUINNESS WORLD RECORDS 2016,VEČ,2,0,GUINNESS WORLD RECORDS,,,
6,6,285,TUTANKAMONOVA GROBNICA,GREEN JEN,2,0,,,,
6,6,286,STARODAVNI SVET,VEČ,2,0,,,,
3,0,287,AVTOBUS OB TREH,KONC LORENZUTTI NATAŠA,2,0,,,,
3,0,288,OTROCI LUČI: EHNATONOVA PUSTOLOVŠČINA,KERR,2,0,,,,
8,3,289,DINOZAVRI,VEČ,2,0,,,,
9,1,290,IZDELAJMO LETALA IZ PAPIRJA,VEČ,2,0,,,,
3,0,291,SLIKOVNI ATLAS SVETA,VEČ,2,0,,,,
3,0,292,ČAROSLOVJE,VEČ,2,0,,,,
3,0,293,ENCI BENCI NA KAMENCI,VEČ,2,0,,,,
3,0,294,PIKA NOGAVIČKA,LINDGREN ASTRID,2,0,,,,
3,0,295,OTOKARJEVO ŽEZLO,HERGE,2,0,TINTIN,,,
3,0,296,ILUSTRIRANI ATLAS,VEČ,2,0,,,,
3,0,297,TINČEK NI ZAJČEK,BAUMGART KLAUS,2,0,,,,
3,0,298,SEDEM KRISTALNIH KROGEL,HERGE,2,0,TINTIN,,,
0,0,299,FANTASTIČNE ZANIMIVOSTI O ČISTO VSEM,,2,0,,,,
0,0,300,GUINNESS WORLD RECORDS 2018,VEČ,2,0,GUINNESS WORLD RECORDS,,,
0,1,301,VELIKA ENCIKLOPEDIJA ZA OTROKE,VEČ,2,0,,,,
8,3,302,DINOZAVRI KAŽIPOT,VEČ,2,0,,,,
3,0,303,STROGO ZAUPNO,VEČ,2,0,,,,
3,0,304,BOŽIČNE BIBARIJE,PRAP LILA,2,0,,,,
2,12,305,STO LET SAMOTE,GARCIA MARQUEZ GABRIEL,4,0,,KOLUMBIJA,,
1,6,306,O ISKANJU LJUBEZNI ALI Z BICIKLOM OKOLI SVETA,KRIŽNAR TOMO,4,0,,,,
2,3,307,THE ULTIMATE HITCHHIKER'S GUIDE TO THE GALAXY,ADAMS DOUGLAS,3,0,,ANGLIJA,,
8,7,308,VELIKA KNJIGA JAPONSKIH UGANK,MEPHAM MICHAEL,4,0,,,,
2,13,309,LA PESTE,CAMUS ALBERT,4,3,,,,
4,1,310,HLAPCI,CANKAR IVAN,4,0,V SVETU CANKARJEVE DRAMATIKE,,,
4,1,311,KRALJ NA BETAJNOVI,CANKAR IVAN,4,0,V SVETU CANKARJEVE DRAMATIKE,,,
4,1,312,ZA NARODOV BLAGOR,CANKAR IVAN,4,0,V SVETU CANKARJEVE DRAMATIKE,,,
4,1,313,POHUJŠANJE V DOLINI ŠENTFLORJANSKI,CANKAR IVAN,4,0,V SVETU CANKARJEVE DRAMATIKE,,,
2,0,314,METULJ,CHARRIERE HENRI,4,0,,FRANCIJA,,
1,0,315,LJUDJE IZ STRŽIŠČA,MUNIH JOŽI,0,0,,,,
1,0,316,ŠAVRINSKE ZGODBE II. DEL,FRANCA MARIJA,0,0,,,,
1,0,317,OS ŽIVLJENJA,KRANJEC MIŠKO,0,0,,,,
1,0,318,STRICI SO MI POVEDALI,KRANJEC MIŠKO,0,0,,,,
1,0,319,POVEST O DOBRIH LJUDEH,KRANJEC MIŠKO,0,0,,,,
1,0,320,KAPITANOVI,KRANJEC MIŠKO,0,0,,,,
1,0,321,BALADA O TROBENTI IN OBLAKU,KOSMAČ CIRIL,0,0,,,,
1,0,322,DESETI BRAT,JURČIČ JOSIP,0,0,,,1960,
1,0,323,ROKOVNJAČI,JURČIČ KERSNIK,0,0,,,,
1,1,324,DETEKTIVI V ZELENI KATRI,DOLINAR BRANE,0,0,,,,
1,0,325,ČAROVNIKOV VAJENEC,FLISAR EVALD,0,0,,,,
1,0,326,VELIKI BRILJANTNI VALČEK,JANČAR DRAGO,0,0,,,,
1,0,327,SEVERNI SIJ,JANČAR DRAGO,0,0,,,,
1,0,328,ČEFURJI RAVS!,VOJNOVIĆ GORAN,0,0,,,,
1,0,329,ZUPAN VITOMIL,IGRA S HUDIČEVIM REPOM,0,0,,,,
1,0,330,GALJOT,JANČAR DRAGO,0,0,VRHUNCI STOLETJA,,,
2,0,331,GOSPODAR MUH,GOLDING WILLIAM,0,0,VRHUNCI STOLETJA,ANGLIJA,,
2,3,332,GOZD OBEŠENIH LISIC,PAASILINNA ARTO,0,0,,FINSKA,,
5,1,333,SONETI,JESIH MILAN,0,0,,,,
5,1,334,GOLIČAVA,PAVČEK TONE,0,0,,,,
5,1,335,SIVA,KLEČ MILAN,0,0,,,,
3,0,336,SANJE O BELEM ŠTRPEDU,MOŠKRIČ MARJANA,0,0,,,,
2,0,337,FAKTOTUM,BUKOWSKI CHARLES,0,0,,,,
2,0,338,PROCES,KAFKA,0,0,VRHUNCI STOLETJA,,,
2,2,339,IMAŠ IN NIMAŠ,HEMINGWAY ERNEST,0,0,,AMERIKA,,
2,0,340,IME ROŽE,ECO UMBERTO,0,0,,ITALIJA,,
2,0,341,VZHODNO OD RAJA,STEINBECK JOHN,0,0,,AMERIKA,,
2,0,342,ISKANJE IZGUBLJENEGA ČASA - SVET GUERMATSKIH 1.DEL,PROUST MARCEL,0,0,,FRANCIJA,,
2,0,343,ISKANJE IZGUBLJENEGA ČASA - SVET GUERMATSKIH 2.DEL,PROUST MARCEL,0,0,,FRANCIJA,,
4,2,344,NORA,IBSEN HENRIK,0,0,,NORVEŠKA,,
2,0,345,STEKLENI ZVON,PLATH SYLVIA,0,0,,AMERIKA,,
2,0,346,LEUCIEN LEUWEN 1.DEL,STENDHAL,0,0,MALA STOR,FRANCIJA,,
2,0,347,LEUCIEN LEUWEN 2.DEL,STENDHAL,0,0,MALA STOR,FRANCIJA,,
2,0,348,ZLOČIN IN KAZEN,DOSTOJEVSKI FJODOR,0,0,,RUSIJA,,
4,2,349,ANTIGONA IN OJDIP,SOFOKLES,0,0,,GRČIJA,,
4,2,350,HAMLET,SHAKESPEARE WILLIAM,0,0,,ANGLIJA,,
2,0,351,ROBINZON,DEFOE DANIEL,0,0,,ANGLIJA,,
2,0,352,MALI PRINC,SAINT-EXUPERY ANTOINE,0,0,,FRANCIJA,,
2,0,353,NESREČNIKI,HUGO VICTOR,0,0,,FRANCIJA,,
2,0,354,KOMU ZVONI,HEMINGWAY ERNEST,0,0,MALA STOR,AMERIKA,,
2,0,355,ZBOGOM, OROŽJE,HEMINGWAY ERNEST,0,,,,
2,0,356,STAREC IN MORJE,HEMINGWAY ERNEST,0,0,,AMERIKA,,
2,0,357,SONCE VZHAJA IN ZAHAJA,HEMINGWAY ERNEST,0,0,,AMERIKA,,
2,0,358,V SWANNOVEM SVETU,PROUST MARCEL,0,0,VRHUNCI STOLETJA,FRANCIJA,,
6,9,359,NAJLEPŠE ANTIČNE PRIPOVEDKE,SCHWAB GUSTAV,0,0,,GRČIJA,,
2,0,360,DAROVANJKE; GORA,TAGORE RABINDRANATH,0,0,NOBELOVCI,,,
2,7,361,IZBRANE NOVELE,AGNON ŠMUEL JOSEF,0,0,NOBELOVCI,,,
2,7,362,HIŠA NA SAMEM IN DRUGE NOVELE ,ANDRIĆ IVO,0,0,,BIH,,
2,0,363,POGOVOR V KATEDRALI I,VARGAS LLOSA MARIO,0,0,,PERU,,
2,0,,POGOVOR V KATEDRALI II,VARGAS LLOSA MARIO,0,0,,PERU,,
2,3,,REŠITELJ SURUNEN,PAASILINNA ARTO,0,0,,FINSKA,,
2,0,,POLENTARSKA POLICA,STEINBECK JOHN,0,0,,AMERIKA,,
2,0,,ŽIVIM, DA PRIPOVEDUJEM 2. DEL,GARCIA MARQUEZ GABRIEL,0,,,,
2,0,,SVILA,BARICCO ALESSANDRO,0,0,,ITALIJA,,
2,0,,ČUDOVITA BITJA,CHEVALIER TRACY,0,0,,AMERIKA,,
2,0,,POTEPUHI,HAMSUN,0,0,VELIKA STOR,NORVEŠKA,,
2,0,,NE POVEJ NIKOMUR, RAINWATER, VARUH IN KAJ STORITI KO NEKDO UMRE,VEČ,,,,
2,9,,APARAT,KING STEPHEN,0,0,,AMERIKA,,
2,9,,HUJŠAJ!,KING STEPHEN,0,0,,AMERIKA,,
2,9,,SKRIVNO OKNO, SKRIVNOSTNI VRT,KING STEPHEN,0,,,,
2,1,,TRETJE DEKLE,CHRISTIE AGATHA,0,0,,ANGLIJA,,
2,1,,UKRADENE SENCE,CELA JAUME,0,0,,ŠPANIJA,,
2,1,,V KROKODILJEM ŽRELU,RENDELL RUTH,0,0,,AMERIKA,,
2,1,,ENA VODORAVNO, DVE NAVPIČNO,RENDELL RUTH,0,,,,
2,1,,DREVO ROK,RENDELL RUTH,0,0,,AMERIKA,,
2,1,,TATICA,RENDELL RUTH,0,0,,AMERIKA,,
2,0,,DRAGULJ IZ MEDINE,JONES SHERRY,0,0,,AMERIKA,,
2,1,,KROJAČ IZ PANAME,CARRE JOHN,0,0,,AMERIKA,,
2,1,,ZVESTI VRTNAR,CARRE JOHN,0,0,,AMERIKA,,
2,11,,ROD JAMSKEGA MEDVEDA,AUEL JEAN,0,0,,AMERIKA,,
2,4,,KER TE LJUBIM,MUSSO GUILLAUME,0,0,,FRANCIJA,,
2,10,,KLAVNICA PET,VONNEGUT KURT,0,0,,AMERIKA,,
2,0,,PONOVITEV,HANDKE PETER,0,0,,AVSTRIJA,,
2,0,,SENCA VETRA,RUIZ ZAFON CARLOS,0,0,,ŠPANIJA,,
2,0,,STRAH PRED LETENJEM,JONG ERICA,0,0,,AMERIKA,,
2,0,,HIŠA DUHOV,ALLENDE ISABEL,0,0,,ČILE,,
2,0,,ZAVETJE SKAL,AUEL JEAN,0,0,,AMERIKA,,
2,0,,SARA,JOVANOVIĆ BERLOT MILICA,0,2,,SRBIJA,,
2,0,,PORTRET V SEPIJI,ALLENDE ISABEL,0,0,,ČILE,,
2,0,,BASTARD,LEDUC VIOLETTE,0,0,,FRANCIJA,,
2,0,,BALADA O ČRNEM JIMMIEJU,KENEALLY THOMAS,0,0,,AVSTRALIJA,,
2,0,,PUŠČAVSKA PESEM,MEHARI SENAIT,0,0,,ERITREJA,,
2,0,,SNEŽNA ROŽA IN SKRIVNOSTNA PAHLJAČA,SEE LISA,0,0,,FRANCIJA,,
2,0,,KRI CVETLIC,AMIRREZVANI ANITA,0,0,,IRAN,,
2,0,,BOŽJA PUŠČICA,ACHEBE CHINUA,0,0,,NIGERIJA,,
2,0,,VAS V HRIBIH,YEH CHUN-CHAN,0,0,,KITAJSKA,,
2,0,,ARARAT,THOMAS,0,0,,ANGLIJA,,
2,0,,LETO POTOPA,ATWOOD MARGARET,0,0,,KANADA,,
2,0,,KRIŽEV POT,GINZBURG JEVGENIJA,0,0,,RUSIJA,,
2,0,,KO VOLKOVI TULIJO,RIBEIRO AQUILINO,0,0,,PORTUGALSKA,,
2,0,,O LEPOTI,SMITH ZADIE,0,0,,ANGLIJA,,
2,0,,ČAS ŽIVLJENJA IN ČAS SMRTI,REMARQUE,0,0,,NEMČIJA,,
2,0,,PRVI AMERIČAN,CERAM,0,0,,NEMČIJA,,
2,0,,ČUDOVITI PRAH,KALEB VJEKOSLAV,0,0,,HRVAŠKA,,
2,0,,BUDA IZ PREDMESTJA,KUREISHI HANIF,0,0,,ANGLIJA,,
2,0,,DRUGA ŽENSKA,TROLLOPE,0,0,,ANGLIJA,,
2,0,,ZLATO,CENDRARS BLAISE,0,0,,FRANCIJA,,
2,0,,DNEVNIK ŽENE V BELEM,SOUBIRAN ANDRE,0,0,,FRANCIJA,,
1,0,,MALI CVET,CAPUDER ANDREJ,0,0,,,,
2,6,,POT V WIGAN,ORWELL GEORGE,0,0,,ANGLIJA,,
2,0,,PONOVITEV,HANDKE PETER,0,0,,AVSTRIJA,,
2,0,,CASHELMARA,HOWATCH SUSAN,0,0,,,,
2,0,,ZVEZDE GLEDAJO Z NEBA 1,CRONIN,0,0,,,,
2,0,,ZVEZDE GLEDAJO Z NEBA 2,CRONIN,0,0,,,,
2,0,,MUŠICA,FOWLES JOHN,0,0,,,,
2,0,,GRAJSKE GOSPE,FISCHER MARIE LOUISE,0,0,,NEMČIJA,,
2,0,,SALOMONOVA ČRKA,SAMOKOVLIJA ISAK,0,0,,BIH,,
2,0,,RJAVI SLADKOR,CAT NANCY,0,0,,AVSTRALIJA,,
2,0,,VESOLJNI POTOP,CLEZIO JEAN,0,0,,,,
2,0,,BREZ OBRAZA,DARKO AMMA,0,0,,GANA,,
2,0,,HUDIČEVA SLINA,CORTATAR JULIO,0,0,,ARGENTINA,,
2,1,,DVOJČKA TEKMECA,LUDLUM ROBERT,0,0,,,,
2,0,,TERRA NOSTRA 1. KNJIGA,FUENTES CARLOS,0,0,,MEHIKA,,
2,0,,LORNA DOONE,BLACKMORE RICHARD,0,0,,,,
2,0,,ALEKSANDRA IN PEKEL,FULGA LAURENTIU,0,0,,,,
2,0,,ČAROBNA LADJA,PARETTI SANDRA,0,0,,,,
2,0,,POSESTNIK,GORDIMER NADINE,0,0,,,,
2,0,,TO NEBO,ATXAGA BERNARDO,0,0,,ŠPANIJA,,
2,0,,WYNDSPELLSKI OTROK,VANDERGRIFF AOLA,0,0,,,,
2,0,,DALEČ OD PONORELEGA SVETA,HARDY THOMAS,0,0,,ANGLIJA,,
2,0,,VRNITEV V MESTECE PEYTON,METALIOUS GRACE,0,0,,,,
2,0,,PRINCESA BRAMBILLA,HOFFMANN,0,0,,,,
2,0,,ZAZIBAN DIH,MULLER HERTA,0,0,,ROMUNIJA,,
2,0,,UKRADENE SANJE,HORNBACH MICHAEL,0,0,,NEMČIJA,,
2,7,,PENA DNI & POPLJUVAL BOM…,VIAN BORIS,0,0,,,,
2,0,,PLANTAŽA BEULA 1,COLEMAN LONNIE,0,0,,AMERIKA,,
2,0,,LJUBEZEN OB BODENSKEM JEZERU,DANELLA UTTA,0,0,,ŠVICA,,
2,0,,NEPRIZADETI,MORAVIA ALBERTO,0,0,VRHUNCI STOLETJA,ITALIJA,,
2,0,,POSLEDNJE POLETJE,SIMONOV KONSTANTIN,0,0,,RUSIJA,,
2,0,,SPOMIN NA AFRIKO,BLIXEN KAREN,0,0,,KENIJA DANSKA,,
2,3,,POLITIČNA IN SOCIALNA ZGODOVINA…,HAŠEK JAROSLAV,0,0,,ČEŠKA,,
2,0,,KLUB,JAEGER HENRY,0,0,,NEMČIJA,,
2,0,,NEKAJ VIJOLIČASTEGA,WALKER ALICE,0,0,,AMERIKA,,
2,0,,DIONIZOVA KRALJICA,HERM GERHARD,0,0,,NEMČIJA,,
2,0,,PLANTAŽA BEULA 2,COLEMAN LONNIE,0,0,,AMERIKA,,
2,0,,STIK,SAGAN CARL,0,0,,AMERIKA,,
2,0,,ZDRAVILO ZA LJUBEZEN,ERDRICH LOUISE,0,0,,AMERIKA,,
2,0,,SRCE TEME,CONRAD JOSEPH,0,0,VRHUNCI STOLETJA,ANGLIJA,,
2,0,,MOŠKI  V KUHINJI,WOOD IRA,0,0,,AMERIKA,,
2,0,,KLOVNOVI POLEDI,BOLL HEINRICH,0,0,VRHUNCI STOLETJA,NEMČIJA,,
2,0,,LJUBEZEN ITN.,KAUFMAN BEL,0,0,,,,
2,3,,STREGEL SEM ANGLEŠKEMU KRALJU,HRABAL BOHUMIL,0,0,,ČEŠKA,,
2,0,,GOSPOD CINOBER,HOFFMANN,0,0,,,,
2,0,,DOMBEY IN SIN,DICKENS CHARLES,0,0,,,,
2,0,,ZBOR STARČKOV,GAINES ERNEST,0,0,,AMERIKA,,
2,0,,GLEJ GESLO: LJUBEZEN,GROSSMAN DAVID,0,0,,IZRAEL,,
2,0,,PALESTINSKA TRILOGIJA,KARDOS GYORGY,0,0,,PALESTINA,,
2,0,,TRETJI ČLOVEK ,GREENE GRAHAM,0,0,,,,
2,0,,SODBA,GREGOR MANFRED,0,0,,NEMČIJA,,
2,0,,VSE VISI NA POPKOVINI,HORY LADISLAV,0,0,,AVSTRIJA SLOVENIJA,,
2,0,,BODI DOBER DO SMRTI,MORICZ ZSIGMOND,0,0,,MADŽARSKA,,
2,0,,HUDIČ,TYRMAND LEOPOLD,0,0,,POLJSKA,,
2,0,,PROTI TOKU,HUYSMANS KARL,0,0,,FRANCIJA,,
2,0,,TERRA NOSTRA 2. KNJIGA,FUENTES CARLOS,0,0,,MEHIKA,,
2,0,,ZAPISAN SVOBODI,CASSOU JEAN ,0,0,,FRANCIJA,,
2,0,,ZBOGOM, MICKEY MIŠKA,DEIGHTON LEN,0,,,,
2,0,,ZADNJE PREDAVANJE,PAUSCH RANDY,0,0,,AMERIKA,,
2,0,,JANE EYRE 1,BRONTE CHARLOTTE ,0,0,,ANGLIJA,,
2,0,,JANE EYRE 2,BRONTE CHARLOTTE ,0,0,,ANGLIJA,,
2,0,,VISOKA NAPETOST,SVOZILOVA-JOHNOVA HERMA,0,0,,ČEŠKA,,
2,0,,MESTECE PEYTON,METALIOUS GRACE,0,0,,AMERIKA,,
2,0,,ZLATI LONEC,HOFFMANN,0,0,,,,
2,0,,WYNDSPELLE,VANDERGRIFF AOLA,0,0,,,,
2,0,,POPOLNOST,COSCARELLI KATE,0,0,,AMERIKA,,
2,0,,VEČERNA SVETLOBA,HERMLIN STEPHAN,0,0,,NEMČIJA,,
2,0,,NASLEDNJE LETO V JERUZALEMU,KAMINSKI ANDRE,0,0,,IZRAEL,,
2,0,,SERENISSIMA,JONG ERICA,0,0,,AMERIKA,,
2,0,,HLADNI VAL,NONHEBEL CLARE,0,0,,ANGLIJA,,
2,0,,ILUZIJE LJUBEZNI,FREEMAN CYNTHIA,0,0,,AMERIKA,,
2,14,,EMMANUELLE,ARSAN EMMANUELLE,0,0,,TAJSKA,,
2,0,,RAJNKI MATIJA PASKAL,PIRANDELLO LUIGI,0,0,,ITALIJA,,
2,14,,PORNOGRAFIJA,GOMBROWICZ WITOLD,0,0,,POLJSKA,,
2,14,,KRILATI PRAŠIČI,ROCCO, ANTONIA,0,,,,
2,14,,TRI HČERE SVOJE MATERE,LOUYS PIERRE,0,0,,FRANCIJA,,
2,14,,JULIETTE JUSTINE,SADE MARKI,0,0,,FRANCIJA,,
1,11,,SUŽNJA IZ KODROVE,FIRM VLADO,0,0,,,,
2,12,,SPEČI ZAKLADI,JANUSZ PIEKALKIEWICZ,0,0,,POLJSKA,,
2,5,,ATILA,ELLERT GERHARD,0,0,,,,
2,5,,ZETKIN CLARA,DORNEMANN LUISE,0,0,,,,
2,5,,ZAMENHOF - OČE ESPERANTA,BOULTON MARJORIE,0,0,,,,
2,5,,CVETNI KRALJ,OLOFSSON RUNE,0,0,,,,
1,0,,STRAŠLJIVKE,BOROVNIK SILVIJA,0,0,,,,
2,0,,AMERIKA IZA SNOVA,KOLAR VLADIMIR,0,2,,SRBIJA,,
1,5,,TRNOVA POT,KRAMBERGER IVAN,0,0,,,,
1,0,,O, AMERIKA,DEBELAK MATEJA,0,,,,
2,0,,GROTESKNI PLES,HUXLEY ALDOUS,0,0,MALA STOR,ANGLIJA,,
2,0,,OZRI SE PROTI DOMU, ANGEL,WOLFE THOMAS,0,,,,
2,0,,ISLANDSKI ZVON,LAXNESS HALLDOR,0,0,MALA STOR,ISLANDIJA,,
2,0,,IMETI ALI NE,HEMINGWAY ERNEST,0,0,ZAKLADNICA USPEŠNIC,AMERIKA,,
2,0,,LEPI KAPLAN,PARISE GOFFREDO,0,0,ZAKLADNICA USPEŠNIC,ITALIJA,,
2,0,,ZDRAVNIK SE ZALJUBI,GORDON RICHARD,0,0,ZAKLADNICA USPEŠNIC,ANGLIJA,,
1,0,,DRUŽINSKI FESTIVAL,INGOLIČ ANTON,0,0,ZAKLADNICA USPEŠNIC,,,
2,0,,DOVOLITE, IME MI JE GOX,BECKER ROLF, ALEXANDRA,,ZAKLADNICA USPEŠNIC,ANGLIJA, NEMČIJA
2,0,,VOJVODINJA DE LANGEAIS,BALZAC HONORE,0,0,ZAKLADNICA USPEŠNIC,FRANCIJA,,
2,0,,POTEPINKA,COLETTE SIDONIE GABRIELLE,0,0,ZAKLADNICA USPEŠNIC,FRANCIJA,,
2,0,,ABD-EL-KADER 1,KNITTEL JOHN,0,0,ZAKLADNICA USPEŠNIC,INDIJA, MAROKO,
2,0,,ABD-EL-KADER 2,KNITTEL JOHN,0,0,ZAKLADNICA USPEŠNIC,INDIJA, MAROKO,
2,0,,ZGODBE S SEVERA IN Z JUGA,LONDON JACK,0,0,ZAKLADNICA USPEŠNIC,AMERIKA,,
2,0,,BOJNI PILOT,SAINT-EXUPERY ANTOINE,0,0,ZAKLADNICA USPEŠNIC,FRANCIJA,,
2,0,,SLEPI POTNIK,SIMENON GEORGES,0,0,ZAKLADNICA USPEŠNIC,BELGIJA,,
2,0,,MOJI TRIJE ZAKONSKI MOŽJE,TROY UNA,0,0,ZAKLADNICA USPEŠNIC,IRSKA,,
2,0,,BLEDOLIČNIK,WALLACE EDGAR,0,0,ZAKLADNICA USPEŠNIC,ANGLIJA,,
2,0,,MORA NA MANHATTANU,WALSH THOMAS,0,0,ZAKLADNICA USPEŠNIC,AMERIKA,,
2,0,,BODY SURFING,SHREVE ANITA,0,1,,AMERIKA,,
1,11,,LJUDSTVO,GAGERN FRIDERIK,0,0,,,,
2,1,,ODŠEL JE ZA VEDNO,COBEN HARLAN,0,0,,AMERIKA,,
2,0,,COMMEDIA INFERNO,DANTE ALIGHIERI,0,4,,ITALIJA,,
1,0,,O BLEDEM HUDODELCU,JANČAR DRAGO,0,0,,,,
2,0,,NI ME STRAH,AMMANITI NICCOLO,0,0,,ITALIJA,,
2,0,,VADBIŠČE,LENZ SIEGFRIED,0,0,NOVA OBZORJA,NEMČIJA,,
2,0,,ČARODEJ IZ LUBLINA,SINGER ISAAC BASHEVIS,0,0,NOVA OBZORJA,POLJSKA,,
2,0,,JUSTICA,DURRENMAT FRIEDERICH,0,0,NOVA OBZORJA,ŠVICA,,
2,0,,FLANDRIJSKA CESTA,SIMON CLAUDE,0,0,NOVA OBZORJA,FRANCIJA,,
2,0,,KASANDRA,WOLF CHRISTA,0,0,NOVA OBZORJA,NEMČIJA,,
2,0,,TNALO,AJTMATOV ČINGIZ,0,0,NOVA OBZORJA,RUSIJA,,
2,0,,VIDNA TEMA,GOLDING WILLIAM,0,0,NOVA OBZORJA,ANGLIJA,,
5,1,,KEPA PEPELA,ZAJC DANE,0,0,,,,
5,1,,PRISLUŠKUJEM TIŠINI V SEBI,MINATTI IVAN,0,0,,,,
1,0,,VANKOŠTANC,LAINŠČEK FERI,0,0,,,,
2,0,,DOLGA NOČ,MIR SADEKI DŽAMAL,0,0,,IRAN,,
2,0,,ŽIVIM, DA PRIPOVEDUJEM 1. DEL,GARCIA MARQUEZ GABRIEL,0,,,,
1,5,,SPOMINI BARONA VALVASORJA,KOVAČ TITA,0,0,,,,
2,0,,MARTIN EDEN,LONDON JACK,0,0,VELIKA STOR,AMERIKA,,
2,14,,LJUBIMEC LADY CHATTERLEY,LAWRENCE DAVID HERBERT,0,0,,AMERIKA,,
2,14,,LJUBIMEC LADY CHATTERLEY,LAWRENCE DAVID HERBERT,0,0,VELIKA STOR,AMERIKA,,
2,0,,MOLLOY,BECKETT SAMUEL,0,0,VELIKA STOR,IRSKA,,
2,3,,VELEUMNI PLEMIČ DON KIHOT IZ MANČE 1,CERVANTES SAAVEDRA MIGUEL,0,0,VELIKA STOR,ŠPANIJA,,
2,3,,VELEUMNI PLEMIČ DON KIHOT IZ MANČE 2,CERVANTES SAAVEDRA MIGUEL,0,0,VELIKA STOR,ŠPANIJA,,
2,3,,VELEUMNI PLEMIČ DON KIHOT IZ MANČE 3,CERVANTES SAAVEDRA MIGUEL,0,0,VELIKA STOR,ŠPANIJA,,
2,3,,VELEUMNI PLEMIČ DON KIHOT IZ MANČE 4,CERVANTES SAAVEDRA MIGUEL,0,0,VELIKA STOR,ŠPANIJA,,
2,0,,ROBINZON CRUSOE,DEFOE DANIEL,0,0,VELIKA STOR,ANGLIJA,,
2,0,,AITHIOPIKA,HELIODORUS,0,0,VELIKA STOR,GRČIJA,,
2,0,,ZLATI ČLOVEK,JOKAI MOR,0,0,VELIKA STOR,MADŽARSKA,,
2,0,,JUNAK NAŠEGA ČASA,LERMONTOV MIHAIL,0,0,VELIKA STOR,RUSIJA,,
2,0,,KRALJEVSKA POT,MALRAUX ANDRE,0,0,VELIKA STOR,FRANCIJA,,
2,0,,ZAROČENCA 1,MANZONI ALESSANDRO,0,0,VELIKA STOR,ITALIJA,,
2,0,,ZAROČENCA 2,MANZONI ALESSANDRO,0,0,VELIKA STOR,ITALIJA,,
2,0,,LEZI V TEMO,STYRON WILLIAM,0,0,VELIKA STOR,AMERIKA,,
2,0,,GOSPA DOLLAWAY,WOOLF VIRGINIA,0,0,VELIKA STOR,AMERIKA,,
2,5,,BERNARDKINA PESEM ,WERFEL FRANC,0,0,,,,
1,0,,MESTO V ZALIVU,PAHOR BORIS,0,0,,,1964,
1,0,,KONEC PRAVLJICE,GRAH DRAGO,0,0,,,1964,
1,0,,TISOČ IN ENA POT,FLISAR EVALD,0,0,,,,
1,1,,MORJE NOVIH OBAL,ŠTEFANEC VLADIMIR,0,0,,,,
5,1,,BALADA ZA LASTOVKE,NOVAK OISEAU NINA,0,0,,,,
1,0,,ŽIVLJENJE HIŠNEGA MAČKA,DEBELAK MATEJA,0,0,,,,
1,0,,POGOVORI Z LJUBEZNIJO,GABOROVIČ NADA,0,0,,,,
1,0,,NOŽ IN JABOLKO,HERGOLD IVANKA,0,0,,,,
1,0,,GORIČANEC,KOCIPER STANKO,0,0,,,,
1,0,,POZNO POLETJE,KOLMANIČ KROLINA,0,0,,,,
1,0,,MATERINA RUTA,KOZAR LOJZE,0,0,,,,
1,0,,BREME RESNICE,KRVINA MINKA,0,0,,,,
1,0,,OSEM KRIŽANIK TOLARJEV,LAVRENČIČ LINA,0,0,,,,
1,0,,POMLAD V ČREPINJEKU,MAUSER KAREL,0,0,,,,
1,0,,VRH,PERŠAK TONE,0,0,,,,
1,0,,TUDI JAZ VIDIM,ŠPROHAR LUJ,0,0,,,,
1,0,,PROTI ŽIVLJENJU ZA ZAVESO,ŠPROHAR LUJ,0,0,,,,
1,0,,NADA, VRNI SE!,GODINA FERDO,0,0,,,
2,0,,IN NI REKEL NITI BESEDE; HIŠA BREZ VARUHOV,BOLL HEINRICH,0,0,NOBELOVCI,NEMČIJA,,
2,0,,V ZRELIH LETIH,SARTRE JEAN PAUL,0,0,NOBELOVCI,FRANCIJA,,
2,0,,KMETJE 1,REYMONT WLADISLAW STANISLAW,0,0,NOBELOVCI,POLJSKA,,
2,0,,KMETJE 2,REYMONT WLADISLAW STANISLAW,0,0,NOBELOVCI,POLJSKA,,
2,0,,KMETJE 3,REYMONT WLADISLAW STANISLAW,0,0,NOBELOVCI,POLJSKA,,
2,0,,KMETJE 4,REYMONT WLADISLAW STANISLAW,0,0,NOBELOVCI,POLJSKA,,
5,2,,PESMI,QUASIMODO SALVATORE,0,0,NOBELOVCI,ITALIJA,,
2,0,,GLAS GORE; SPEČE LEPOTICE,KAVABATA JASUNARI,0,0,NOBELOVCI,JAPONSKA,,
5,2,,IZBRANE PESMI ,JIMENEZ JUAN JIMENEZ,0,0,NOBELOVCI,ŠPANIJA,,
2,0,,KOMU ZVONI; STAREC IN MORJE,HEMINGWAY ERNEST,0,0,NOBELOVCI,AMERIKA,,
2,0,,ČAS NJEGOVE MILOSTI,JOHNSON EYVIND,0,0,NOBELOVCI,ŠVEDSKA,,
2,7,,V INDIJO KOROMANDIJO,MARTINSON HARRY,0,0,NOBELOVCI,ŠVEDSKA,,
2,0,,GRAMATIKA LJUBEZNI IN DRUGE NOVELE ,BUNIN IVAN ALEKSEJEVIČ,0,0,NOBELOVCI,RUSIJA,,
2,0,,ELIAS PORTOLU; TRSI V VETRU,DELEDDA GRAZIA,0,0,NOBELOVCI,ITALIJA,,
2,0,,HENDERSON, KRALJ DEŽJA,BELLOW SAUL,0,0,,L.1976,
2,0,,SMISEL IN VREDNOST ŽIVLJENJA; UVOD V TEMELJNA VPREAŠANJA FILOZOFIJE,EUCKEN RUDOLF CHISTOPH ,0,0,NOBELOVCI,NEMČIJA,,
5,2,,IZ PESMI, DRAM IN ESEJEV,ELIOT THOMAS STEARNS,0,0,,L.1948 PESMI DRAMA IN ESEJ,
2,0,,MLIN NA GRIČU,GJELLERUP KARL,0,0,NOBELOVCI,NEMČIJA DANSKA,,
2,0,,TIHI DON 1,ŠOLOHOV MIHAIL ALEKSANDROVIČ,0,0,NOBELOVCI,RUSIJA,,
2,0,,TIHI DON 2,ŠOLOHOV MIHAIL ALEKSANDROVIČ,0,0,NOBELOVCI,RUSIJA,,
2,0,,TIHI DON 3,ŠOLOHOV MIHAIL ALEKSANDROVIČ,0,0,NOBELOVCI,RUSIJA,,
2,0,,TIHI DON 4,ŠOLOHOV MIHAIL ALEKSANDROVIČ,0,0,NOBELOVCI,RUSIJA,,
2,0,,MOJA MLADA LETA,CHURCHILL WINSTON SPENCER,0,0,NOBELOVCI,ANGLIJA,,
5,2,,PESMI,MONTALE EUGENIO,0,0,NOBELOVCI,ITALIJA,,
2,0,,MIKLAVŽ BREUGNON,ROLLAND ROMAIN,0,0,NOBELOVCI,FRANCIJA,,
2,0,,OLAV AUDUNOV SIN,UNDSET SIGRID,0,0,NOBELOVCI,NORVEŠKA,,
2,0,,ŽENSKE PRI VODNJAKU,HAMSUN KNUT,0,0,NOBELOVCI,NORVEŠKA,,
2,0,,DEMIAN,HESSE HERMANN,0,0,NOBELOVCI,NEMČIJA ŠVICA,,
5,2,,IZBRANE PESMI ,NERUDA PABLO,0,0,NOBELOVCI,ČILE,,
2,0,,NA OGNJENEM VOZU 1,WHITE PATRICK,0,0,NOBELOVCI,ANGLIJA,,
2,0,,NA OGNJENEM VOZU 2,WHITE PATRICK,0,0,NOBELOVCI,ANGLIJA,,
2,0,,SAGA O FORSYTIH; V ZANKI; BOGATAŠ; ODDA SE V NAJEM 1,GALSWORTHY JOHN,0,0,NOBELOVCI,ANGLIJA,,
2,0,,SAGA O FORSYTIH; V ZANKI; BOGATAŠ; ODDA SE V NAJEM 2,GALSWORTHY JOHN,0,0,NOBELOVCI,ANGLIJA,,
2,0,,SAGA O FORSYTIH; V ZANKI; BOGATAŠ; ODDA SE V NAJEM 3,GALSWORTHY JOHN,0,0,NOBELOVCI,ANGLIJA,,
1,5,,PREŠERNOVO ŽIVLJENJE,ANTON SLODNJAK,0,0,,,,
6,5,,UMETNOST V SLIKAH: VISOKE KULTURE STAREGA SVETA,VEČ,0,0,UMETNOST V SLIKAH,,,
6,5,,UMETNOST V SLIKAH: KLASIČNA RAZDOBJA ANTIKE,VEČ,0,0,UMETNOST V SLIKAH,,,
6,5,,UMETNOST V SLIKAH: NASTAJANJE EVROPE,VEČ,0,0,UMETNOST V SLIKAH,,,
6,8,,SLAVA VOJVODINJE KRANJSKE,VALVASOR JANEZ VAJKARD,0,0,,,,
9,5,,LJUBEZEN IN SPOLNOST,HOLROYD STUART IN SUSAN,0,0,,,,
6,9,,VERA GORE PREMIKA,VEČ,0,0,,,,
6,5,,MAKSIM GASPARI,MIKUŽ STANE,0,0,,,,
6,8,,ČUDOVITA JUGOSLAVIJA,VEČ,0,0,,,,
6,6,,ENCIKLOPEDIJA JUGOSLAVIJE,VEČ,0,0,,,,
3,0,,BOŽIČNA PESEM V PROZI,DICKENS CHARLES,0,0,,,,
9,5,,HRANA ČUDEŽNO ZDRAVILO,CARPER JEAN,0,0,,,,
9,3,,VELIKI PELLAPRAT,VEČ,0,0,,,,
2,0,,SVETOVNI IZZIV,SERVAN-SCHREIBER JEAN-JACQUES,0,0,,,,
2,10,,KAKO JE BIL REŠEN SVET,VEČ,0,0,,,,
6,4,,AMPHITRYON,PLAUT,0,3,,,,
2,0,,OBERMAN,SENANCOUR,0,3,,,,
4,2,,LA TRAGEDIE DU ROI CHRISTOPHE,CESAIRE AIME,0,3,,,,
2,0,,BERMUDSKI TRIKOTNIK,BERLITZ CHARLES,0,0,,,,
2,7,,ZDAJ PA: LJUBLJANA.,VEČ,0,0,,AMERIKA,,
1,11,,DANES GROFJE CELJSKI IN NIKDAR VEČ,WAMBRECHTSAMER ANNA,0,0,,,,
9,5,,RAK IN SMRT,LUKIČ FRANC,0,0,,,,
6,6,,POMNIKI REVOLUCIONARNEGA DELAVSKEGA GIBANJA IN NARODNOOSVOBODILNEGA BOJA V DOMŽALSKI OBČINI,VEČ,0,0,,,,
6,8,,ZAKLADI SLOVENIJE,VEČ,0,0,,,,
2,7,,TISOČ DRUGA ŠEHEREZADINA POVEST,POE EDGAR ALLAN,0,0,,AMERIKA,,
2,7,,ZLATI HROŠČ,POE EDGAR ALLAN,0,0,,AMERIKA,,
2,7,,KONEC HIŠE USHER,POE EDGAR ALLAN,0,0,,AMERIKA,,
2,7,,MASKA RDEČE SMRTI,POE EDGAR ALLAN,0,0,,AMERIKA,,
2,0,,HIŠA SPRAVE,KRIEGER ARNOLD,0,0,,POLJSKA NEMČIJA,,
2,0,,PRIGODE HUCKLEBERRYJA FINNA,TWAIN MARK,0,0,,AMERIKA,,
5,2,,IZBRANO DELO,LERMONTOV MIHAIL,0,0,,RUSIJA,,
6,2,,OTROCI SO TEGA VREDNI,COLOROSO BARBARA,0,0,,KANADA,,
8,3,,GOBE,PACIONI GIOVANNI,0,0,,,,
9,5,,KOZMETIKA IZ RASTLIN,VIDMAJER JANEZ,0,0,,,,
6,2,,ZNAMENITI PSIHOLOGI O PSIHOLOGIJI,PEČJAK VID,0,0,,,,
9,5,,ZDRAVA IN MOTENA SPOLNOST,POŽARNIK HUBERT,0,0,,,,
8,3,,MASLINA I MASLINOVO ULJE,ŠKARICA ŽUŽIĆ BONIFAČIČ,0,2,,,,
0,0,,BUJŠTINA 2005.,VEČ,0,2,,,,
2,0,,ILIADA,HOMER,0,0,,,1951,
2,0,,ODISEIA,HOMER,0,0,,,1951,
5,1,,BOLEČINA NEDOŽIVETEGA,MINATTI IVAN,0,0,,,,
1,0,,TO NI NOBENA PESEM, TO JE ENA SAMA LJUBEZEN,ŠTIH BOJAN,0,0,,,
5,1,,LEPO JE BITI SLOVENEC, NI PA LAHKO,ZLOBEC CIRIL,0,0,,,
6,6,,SLOVENIJA - SKOZI OGENJ DO NEODVISNOSTI,STELE FRANCE,0,0,,,,
5,1,,IZBRANE PESMI SIMONA GREGORČIČA,GREGORČIČ SIMON,0,0,,,,
5,2,,PESMI,PUŠKIN ALEKSANDER SERGEJEVIČ,0,0,,,1950,
2,0,,MOI, MOMO, 14 ANS, IVOIRIEN… ET PLUS JEUNE BACHELIER DE FRANCE,DIABY MOHAMED,3,,
5,2,,POESIES,RIMBAUD ARTHUR,0,3,,,,
2,9,,STEPHEN KING'S THE DARK TOWER - A CONCORDANCE II,FURTH ROBIN,0,1,,,,
6,1,,UNDERSTANDING DEVIANCE,DOWNES ROCK,0,1,,,,
1,0,,HLAPEC JERNEJ IN NJEGOVA PRAVICA,CANKAR IVAN,0,0,,,,
6,1,,IZBRANA DELA,MARX ENGELS,0,0,,,1950,
6,1,,IZBRANA DELA II,LENIN VLADIMIR ILIČ,0,0,,,1949,
6,1,,IZBRANA DELA IV,LENIN VLADIMIR ILIČ,0,0,,,1949,
7,4,,PREGLED ZGODOVINE JUGOSLOVANSKIH KNJIŽEVNOSTI I,JENEŽ STANKO,0,0,,,1953,
1,7,,SLOVENSKA MISEL,VEČ,0,0,,,,
6,5,,SLOVENSKI KONSTRUKTIVIZEM IN NJEGOVI EVROPSKI OKVIRJI,KREČIČ PETER,0,0,,,,
6,5,,ZGOŠČENA ZGODOVINA SLIKARSTVA OD GIOTTA DO CEZANNA,LEVEY MICHAEL,0,0,,,,
6,5,,EXPRESSIONISM,WHITFORD FRANK,0,1,,,,
6,5,,ADRIATIC MOTIFS,MALEŠ MIHA,0,0,,,,
6,5,,RISBE,TISNIKAR JOŽE,0,0,,,,
6,5,,SLAVNI SLOVENCI,MALEŠ MIHA,0,0,,,,
6,5,,DRAWNINGS OF THE MASTERS: 20TH CENTURY PART I,JOHNSON UNA,0,1,,,,
6,5,,LEONARDO,RIZZATTI MARIA LUISA,0,0,,,,
6,5,,RIJKSMUSEUM AMSTERDAM,MEIJER EMIL,0,1,,,,
6,5,,JAKOPIČ,PODBEVŠEK,0,0,,,,
6,5,,EXPRESSIONISM AND FAUVISM,SOTRIFFER KRISTIAN,0,1,,,,
6,5,,TIZIAN,BALLARIN ALESSANDRO,0,0,BISERI UMETNOSTI,,,
6,5,,MICHELANGELO,PARRONCHI ALESSANDRO,0,0,BISERI UMETNOSTI,,,
6,5,,REMBRANDT,PUPPI LIONELLO,0,0,BISERI UMETNOSTI,,,
6,5,,GAINSBOROUGH,GATT GIUSEPPE,0,0,BISERI UMETNOSTI,,,
6,5,,DEGAS,ORIENTI SANDRA,0,0,BISERI UMETNOSTI,,,
6,5,,MONDRIAN,BUSIGNANI ALBERTO,0,0,BISERI UMETNOSTI,,,
6,5,,RENOIR,FEZZI ELDA,0,0,BISERI UMETNOSTI,,,
6,5,,DEGAS,ORIENTI SANDRA,0,0,BISERI UMETNOSTI,,,
6,5,,MIRO,APOLLONIO UMBRO,0,0,BISERI UMETNOSTI,,,
6,5,,POLLOCK,TOMASSONI ITALO,0,0,BISERI UMETNOSTI,,,
6,5,,UTRILO,VERNER ALFRED,0,2,,,,
6,5,,DALI,DALI SALVADOR,0,1,,,,
6,5,,ZGODOVINA MODERNEGA SLIKARSTVA OD CEZANNA DO PICASSA,READ HERBERT,0,0,,,,
7,5,,WRITING SIMPLE POEMS,HOLMES MOULTON,0,1,,,,
9,5,,DIABETES,RUHLAND BERND,0,0,,,,
6,1,,IZBRANA POGLAVJA IZ PEDAGOGIKE,VEČ,0,0,,,,
1,7,,ESEJI,GORUPIČ BORIS,0,0,,,,
6,2,,BITI Z NARAVO,ŽORŽ BOGDAN,0,0,,,,
6,9,,V SANJSKEM ČASU,VEČ,0,0,,,,
8,1,,ARS MATHEMATICA CONTMPOANEA,VEČ,0,0,,,,
6,1,,UVOD V DIALEKTIČNI MATERIALIZEM,ENGLES PLEHANOV,0,0,,,,
6,3,,TEORIJA MONOPOLA,LIPSEY RICHARD,0,0,,,,
9,2,,RAZMNOŽUJMO OKRASNE RASTLINE,GOLOB IZIDOR,0,0,,,,
6,1,,VSE O POROKI,KOVAČOČ TANJA,0,0,,,,
6,8,,BJURAŠKI DNEVI ,ŠRAJ PETER,0,0,,,,
0,1,,BIBLIOTEKARSKI LEKSIKON,VEČ,0,0,,,,
6,2,,PSIHOLOGIJA,MUSEK JAN PEČJAK VID,0,0,,,,
8,6,,RAČUNALNIŠTVO,VEČ,0,0,,,,
8,1,,LOGARITMI IN DRUGE TABELE,URŠIČ STANKO,0,0,,,,
6,5,,PREK SVETA ODMEVA PESEM 1,VEČ,0,0,,,,
6,5,,PREK SVETA ODMEVA PESEM 2,VEČ,0,0,,,,
6,9,,KRISTJAN MOLI,VEČ,0,0,,,,
6,9,,V OBČESTVO ZDRUŽENI,VEČ,0,0,,,,
0,1,,ENCIKLOPEDIJA SLOVENIJE 1 A-CA,VEČ,0,0,,,,
0,1,,ENCIKLOPEDIJA SLOVENIJE 2 CE-ED,VEČ,0,0,,,,
0,1,,ENCIKLOPEDIJA SLOVENIJE 3 EG-HAB,VEČ,0,0,,,,
0,1,,ENCIKLOPEDIJA SLOVENIJE 4 HAC-KARE,VEČ,0,0,,,,
0,1,,ENCIKLOPEDIJA SLOVENIJE 5 KARI-KREI,VEČ,0,0,,,,
0,1,,ENCIKLOPEDIJA SLOVENIJE 6 KREK-MARIJ,VEČ,0,0,,,,
0,1,,ENCIKLOPEDIJA SLOVENIJE 7 MARIN-NOR,VEČ,0,0,,,,
0,1,,ENCIKLOPEDIJA SLOVENIJE 8 NOS-PLI,VEČ,0,0,,,,
0,1,,ENCIKLOPEDIJA SLOVENIJE 9 PLO-PS,VEČ,0,0,,,,
0,1,,ENCIKLOPEDIJA SLOVENIJE 10 PT-SAVN,VEČ,0,0,,,,
0,1,,ENCIKLOPEDIJA SLOVENIJE 11 SAVS- SLOVENSKA M,VEČ,0,0,,,,
0,1,,ENCIKLOPEDIJA SLOVENIJE 12 SLOVENSKA N-SZ,VEČ,0,0,,,,
0,1,,ENCIKLOPEDIJA SLOVENIJE 13 Š-T,VEČ,0,0,,,,
0,1,,ENCIKLOPEDIJA SLOVENIJE 14 U-WE,VEČ,0,0,,,,
0,1,,ENCIKLOPEDIJA SLOVENIJE 15 WI-Ž,VEČ,0,0,,,,
0,1,,ENCIKLOPEDIJA SLOVENIJE 16 DODATEK A-Ž KAZALO,VEČ,0,0,,,,
6,5,,MLADI KITARIST 1,ŠEGULA TOMAŽ,0,0,,,,
6,5,,NAUČIMO SE IGRATI KITARO,HERCUN D.,0,0,,,,
6,5,,KLAVIR PRIPROČNIK ZA ZAČETNIKE,FREETH NICE,0,0,,,,
6,8,,SLOVENSKE GORE,VEČ,0,0,,,,
6,7,,LJUDSTVA SVETA 1,VEČ,0,0,LJUDSTVA SVETA,,,
6,7,,LJUDSTVA SVETA 2,VEČ,0,0,LJUDSTVA SVETA,,,
6,7,,LJUDSTVA SVETA 5,VEČ,0,0,LJUDSTVA SVETA,,,
6,7,,LJUDSTVA SVETA 6,VEČ,0,0,LJUDSTVA SVETA,,,
3,0,,MALA KUHARICA,ŠKORJANC TOMAŽ,0,0,,,,
3,0,,MAČEK MURI,KOVIČ KAJETAN; REICHMAN JELKA,0,0,,,,
3,0,,STO UGANK,ŠTEFAN ANJA; REICHMAN JELKA,0,0,,,,
3,0,,PETER KLEPEC,BEVK FRANCE; MANČEK MARJAN,0,0,,,,
3,0,,V DEŽELI DOMIŠLJIJE,DISNEY WALT,0,0,,,,
3,0,,ČUDEŽNI KLOBUK GOSPE ZOFIJE,OPRESNIK MOJCA,0,0,,,,
3,0,,O POHORSKEM BATALJONU,FILIPIČ FRANCE,0,0,,,,
3,0,,ZLATA PTICA,LJUDSKA,0,0,,,,
3,0,,KAKO JE PAVLIHA KUKCA PRODAL,LJUDSKA,0,0,,,,
3,0,,BOBEK IN BARČICA,ŠTEFAN ANJA; LOVŠIN POLONA,0,0,,,,
3,0,,PESEM OD LEPE VIDE,PREŠEREN FRANCE,0,0,,,,
3,0,,SLONČKOV KOTIČEK,HUNTER SALLY,0,0,,,,
3,0,,ZIMSKI PRIJATELJ,BUTLER; MACNAUGHTON,0,0,,,,
3,0,,MALI HOKUSPOKUS,OPGENOORTH; LOBE,0,0,,,,
3,0,,ZVEZDICA ZASPANKA,MILIČINSKI FRANE JEŽEK,0,0,,,,
3,0,,KRALJIČNA NA ZRNU GRAHA ,ANDERSEN HANS CHRISTIAN,0,0,,,,
3,0,,MANDI,WENINGER BRIGITTE ,0,0,0,,,
3,0,,LETEČA HIŠICA,ZAJC DANE,0,0,,,,
3,0,,ČUDEŽNI VRT,ČECH PAVEL,0,0,,,,
3,0,,PRAVLJICE ZA VSE OTROKE 1,VEČ,0,0,,,,
3,0,,PRAVLJICE ZA VSE OTROKE 2,VEČ,0,0,,,,
3,0,,POŽENČANOVE PRAVLJICE,RAVNIKAR MATEVŽ,0,0,,,,
3,0,,LAROUSSE ZA OTROKE - PRAVLJICE,,0,0,,,,
3,0,,Z ANGELINO NA BALETNO PREDSTAVO,HOLABIRD KATHARINE,0,0,,,,
3,0,,KAKO POSTANEŠ BALERINA ANGELINA,HOLABIRD KATHARINE,0,0,,,,
3,0,,VILA VALENTINA,THOMSON EMMA,0,0,,,,
3,0,,KOZLOVSKA SODBA V VIŠNJI GORI,JURČIČ JOSIP,0,0,,,,
3,0,,MAJIN MALI VRT,ANDERSON LENA,0,0,,,,
3,0,,PETER PAN,BARRIE  HESS ,0,0,0,,,
3,0,,SLOVENSKE PRAVLJICE V STRIPU,SCHMIDT MATJAŽ,0,0,,,,
3,0,,ČAROVNIŠKI TRIKI,DOMINIC MARC,0,0,,,,
3,0,,MARTIN KRPAN Z VRHA,LEVSTIK FRAN,0,0,,,,
3,0,,ŠLO JE ŠLO MEDVEDOVO,VOGELNIKOVA MARIJA,0,0,,,,
3,0,,GRIMMOVE PRAVLJICE,GRIMM,0,0,,,,
3,0,,SNEŽNI PRIJATELJ,RIGG JO,0,0,,,,
3,0,,SLOVENSKE NARODNE PRAVLJICE,LJUDSKA,0,0,,,,
3,0,,VLAK,MODER JANKO,0,0,,,,
3,0,,ZGODBE O DIKU,VIPOTNIK JANEZ,0,0,,,,
3,0,,ZELENA KAPICA,SLABY; STUPICA,0,0,,,,
3,0,,VESELE ZGODBE S KOPNEGA IN VODE,LOVRIĆ; PAVLOVIĆ,0,0,,,,
3,0,,PALČKI - PIHALČKI,BOR MATEJ,0,0,,,,
3,0,,PRI MATERI,ŠPUROVA KATJA,0,0,,,,
3,0,,JURČEK ORJE,LJUDSKA,0,0,,,,
3,0,,BEGAVČKA,BEVK FRANCE,0,0,,,,
3,0,,LJUDSKE PESMICE,LJUDSKA,0,0,,,,
3,0,,MOJŠKRA MARA,GRADNIK ALOJZ,0,0,,,,
3,0,,TIKICA IN TOKA NA POTEPU PO PODZEMLJU,VAHTAR MARTA,0,0,,,,
3,0,,VRTNICA IN OBLAČEK,VAHTAR MARTA,0,0,,,,
3,0,,KAPLJA POTEPINKA SE OČISTI,VAHTAR MARTA,0,0,,,,
3,0,,PRIGODE LAŽNJIVEGA KLJUKCA,BURGER GOTTFRIED AUGUST,0,0,,,,
3,0,,ANYBODY AT HOME?,REY,0,1,,,,
3,0,,THUMBELINA,ANDERSEN HANS CHRISTIAN,0,1,FAVOURITE TALES,,,
3,0,,THE ELVES AND THE SHOEMAKER,GRIMM,0,1,FAVOURITE TALES,,,
3,0,,SLEEPING BEAUTY,PERRAULT CHARLES,0,1,FAVOURITE TALES,,,
3,0,,THE WIZARD OF OZ,BAUM FRANK,0,1,FAVOURITE TALES,,,
3,0,,GOLDILOCKS AND THE THREE BEARS,LJUDSKA,0,1,FAVOURITE TALES,,,
2,0,,ŠEJK IZ ALEKSANDRIJE,HAUFF WILHELM,0,0,,,,
2,0,,KARAVANA,HAUFF WILHELM,0,0,,,,
3,0,,LEDENA SFINGA,VERNE JULES,0,0,,,,
3,0,,RODIŠ SE SAMO ENKRAT,JURCA BRANKA,0,0,,,,
3,0,,EMINE ŽELJE,WILSON JACQUELINE,0,0,,,,
3,0,,ODPRAVA ZELENEGA ZMAJA,PREGL SLAVKO,0,0,,,,
3,0,,PITA Z GLISTAMI,LAWRENCE MICHAEL,0,0,,,,
3,0,,DOŽIVLJAJI NIKOLETINE BURSAČA,ČOPIČ BRANKO,0,0,,,,
3,0,,SALOMONOVI RUDNIKI,HAGGARD RIDER,0,0,,,,
3,0,,DETEKTIVSKI MOJSTER BLOMKVIST,LINDGREN ASTRID,0,0,,,,
3,0,,ŠVEDSKE VŽIGALICE,SABATIER ROBERT,0,0,,,,
3,0,,ČASTNA PIONIRSKA, TAKO JE BILO,VOŠNJAK MITJA,0,0,,,
3,0,,JUŽNA ZVEZDA,VERNE JULES,0,0,,,,
3,0,,TONČEK IN NJEGOVA PISMA,KUSTIČ ŽIVKO,0,0,,,,
3,0,,POTOVANJE OKOLI SVETA V OSEMDESETIH DNEH,VERNE JULES,0,0,,,,
3,0,,TROLARIJE -  DAJMO TROLI,MACDONALD ALAN,0,0,,,,
3,0,,PRINC IN BERAČEK,TWAIN MARK,0,0,,,,
3,0,,JANKEC NA DVORJU KRALJA ARTURA,TWAIN MARK,0,0,,,,
3,0,,TARZAN - SIN OPICE,BURROUGHS EDGAR RICE,0,0,,,,
3,0,,KOT V FILMU,MODRNDORFER VINKO,0,0,,,,
3,0,,BUTALCI,MILIČINSKI FRANE ,0,0,,,,
3,0,,TITANIK,LORD WALTER,0,0,,,,
3,0,,IME MI JE DAMJAN,TRATNIK SUZANA,0,0,,,,
3,0,,POVEST O DESPEREAUXU,DICAMILLO KATE,0,0,,,,
3,0,,PINK,VIDMAR JANJA,0,0,,,,
3,0,,AJŠA NAJŠA,LAINŠČEK FERI,0,0,,,,
3,0,,VRT VIJOLIČASTEGA ZMAJA,WILKINSON CAROLE ,0,0,,,,
3,0,,ČAR ENAKIH PRAVIC,PRATFCHETT TERRY,0,0,,,,
3,0,,ZBOGOM MOJIH PETNAJST LET ,CAMPAGNE CLAUDE,0,0,,,,
3,0,,TIGER V STEKLENI OMARI,ZEI ALKI,0,0,,,,
3,0,,ZMAJEV JEZDEC,FUNKE CORNELIA,0,0,,,,
3,0,,ZMAJSKA SKRBNICA,WILKINSON CAROLE ,0,0,,,,
6,2,,PSIHOLOGIJA KOMUNICIRANJA,ULE MIRJANA,0,0,,,,
6,1,,POTENCIA -SAMOŽIVOST REVOLUCIONARNIH BOJEV,GREGORIČIČ MARTA ,0,0,,,,
2,6,,CHE BOLIVIJSKI DNEVNIK,CHE GUEVARA ERNESTO,0,0,,,,
6,1,,KOLAPS ELITE,DRENOVEC FRANČEK,0,0,,,,
6,1,,NISEM JAZ BARBIKA,KALČIĆ ŠPELA,0,0,,,,
6,1,,DRUŽBENA NEENAKOST IN SOCIALNI KAPITAL,DRAGOŠ SREČO LESKOŠEK VESNA,0,0,,,,
6,1,,DELIKT MIŠLJENJA,ŠEKS VLADIMIR ,0,0,,,,
6,1,,EXTRAVAGANTIA,MOČNIK RASTKO,0,0,,,,
6,1,,IME ČESA JE SARKOZY?,BADIOU ALAIN,0,0,,,,
6,1,,EUROSIS - A CRITIQUE OF THE NEW EUROCENTRISM,VELIKONJA MITJA,0,0,,,,
6,1,,UPOR V DEMOKRACIJI,BALLUCH MARTIN,0,0,,,,
6,1,,POST-DEMOCRACY,CROUCH COLIN,0,1,,,,
6,1,,JEZIKOVNE REŽE,KALIN GOLOB MONIKA,0,0,,,,
6,1,,JEZIKOVNE REŽE 2,KALIN GOLOB MONIKA,0,0,,,,
6,1,,SKUPNO -  ONKRAJ PRIVATNEGA IN JAVNEGA,HARDT MICHAEL NEGRI ANTONIO,0,0,,,,
6,1,,ZBORNIK - SOCIALISTIČNA CIVILNA DRUŽBA,VEČ,0,0,,,,
6,1,,ROJSTVO BIOPOLITIKE,FOUCAULT MICHEL,0,0,,,,
6,1,,PORTRET NOMADA,ŠTEMPIHAR MARKO,0,0,,,,
6,1,,O NASILJU,ARENDT HANNAH,0,0,,,,
6,1,,MODRN SLAVERY,BALES, TRODD, KENT WILLIAMSON,0,,,Igor
6,1,,PREKARIAT - NEVARNI NOVI RAZRED,STANDIN GUY,0,0,,,,
6,3,,EKONOMIKA JUGOSLAVIJE IN SLOVENIJE,VEČ,0,0,,,,
6,1,,PREBEŽNIKI KDO STE?,PAJNIK, LESJAK TUŠEK, GREGORIČIČ,0,,,Igor
6,1,,INTIMNO DRŽAVLJANSTVO,KUHAR ROMAN,0,0,,,,
6,1,,POZDRAVI IZ BABILONA,VEČ,0,0,,,,
2,5,,DNEVNIK 1951-1952,KOCBEK EDVARD,0,0,,,,
6,1,,MESS - MEDITERRANEAN ETHNOLOGICAL SUMMER SCHOOL,VEČ,0,1,,,,
6,1,,SPROŠČENA IDEOLOGIJA SLOVENCEV,VEZJAK BORIS,0,0,,,,
6,5,,KAKO NAREDITI FILM Z DIGITALNO TEHNOLOGIJO,FIGGIS MIKE,0,0,,,,
6,1,,KDO SE BOJUJE? KOMU JE MAR?,VAAL ALEX,0,0,,,,
6,1,,BALKANSKE REFLEKSIJE - PREPOVEDANI SADEŽI GLASBE,VEČ,0,0,,,,
6,1,,TITOSTALGIA - ŠTUDIJA NOSTALGIJE PO JOSPIPU BROZU,VELIKONJA MITJA,0,0,,,,
6,1,,DVOJNO ODČARANJE POLITIKE,BERNIK IVAN,0,0,,,,
6,1,,CENTRALIZEM ZOPER SLOVENIJO,RIBIČIČ CIRIL,0,0,,,,
6,1,,RIZIČNA TEHNOLOGIJA: IZZIV DEMOKRACIJI ,LUKŠIČ ANDREJ,0,0,,,,
6,1,,JAVNO MNENJE,SPLICHAL STANKO,0,0,,,,
6,1,,LABIRINTI SKRBI,VEČ,0,0,,,,
2,7,,RAZVEZANI ,SCHNABL ANA,0,0,,,,
5,2,,WAIT TILL I'M DEAD,GINSBERG ALLEN,0,1,,,,
1,0,,NOVI TESTAMENT,DALMATIN JURIJ,0,0,,,,
2,5,,AVTOBIOGRAFIJA,LUTHER KING MARTIN,0,0,,,,
2,0,,THE EVERYTHING,LUTHER KING MARTIN,0,1,,,,
6,1,,USODNE ODLOČITVE,BUČAR FRANCE,0,0,,,,
6,1,,KULTURNI REVIZIONIZEM,BREZNIK MAJA,0,0,1,,Igor,
6,1,,ZASEBNO IN JAVNO V MEDIJIH,ROVŠEK JERNEJ,0,0,1,,Igor,
6,3,,SLOVENSKA EKONOMSKA REVIJA,VEČ,0,0,,,,
6,1,,OBČA KOMUNIKOLOGIJA,VEČ,0,0,,,,
9,1,,DECORATIVE EFFECTS FOR THE HOME,VEČ,1,1,,,,
2,0,,RIWAAN ALI PEŠČENA POT,KEN BUGUL,1,0,,FRANCIJA,,
8,5,,ELEKTROTEHNIKA V SLIKAH,BUSCHER GUSTAV,1,0,,,,
8,2,,NALOGE IZ FIZIKE,VEČ,1,0,,,,
6,6,ZGO,ZGODOVINA 2,BOŽIČ, WEBER,1,0,,,
0,3,FISCHER:SPASSKI,FISCHER:SPASSKI,PARMA BRUNO,1,0,,,,
"2
2
",0,NIN,NINĐA,FINEGAN DEREK,1,2,,,,
7,4,K,KNJIŽEVNOST II.,FATUR SLAVKO,1,0,,,,
8,2,E,ELEKTRIČNO VESOLJE,BODANIS DAVID,1,0,,,,
8,1,ZB,ZBIRKA NALOG IZ MATEMATIKE I.,VEČ,4,0,,,,
0,0,PR,PRIROČNIK PREDPISOV O VARNOSTI CESTNEGA PROMETA,VEČ,0,0,CPP,,,
0,0,TESTI ,TESTI ZA VAJO IZ PROMETNIH PREDPISOV,VEČ,0,0,CPP,,,
2,10,,ANIMAL FARM,ORWELL GEORGE,0,1,,,,
2,8,,LORD OF THE FLIES,GOLDING WILLIAM,0,1,,,,
2,10,,ZADNJI ČLOVEK,ATWOOD MARGARET,0,0,,,,
2,0,,RIPLEY POD RUŠO,HIGHSMITH PATRICIA,0,0,,,,
2,0,,RESNA IGRA,SÖDERBERG HJALMAR,0,0,NOSTALGIJA,ŠVEDSKA,,
2,0,,LEPI KAPLAN,PARISE GOFFREDO,0,0,,,,
2,11,,NOČI V CIRKUSU,CARTER ANGELA,0,0,,,,
2,1,,STRAH PRED NASLIKANIM VRAGOM,RENDELL RUTH,0,0,,,,
2,0,,LETEČI KROŽNIK,ROZMAN SMILJAN,0,0,,,,
2,0,,MORJE,BANVILLE JOHN,0,0,,,,
2,0,,PRVI POLČAS,PEŠUT BARBARA,0,0,,,,
2,0,,V DEŽELI MOŽ,MATAR HISHAM,0,0,,,,
2,3,,PRIKUPNA STRUPARKA,PAASILINNA ARTO,0,0,,FINSKA,,
2,0,,PLOSK ENE DLANI,FLANAGAN RICHARD,0,0,,,,
3,0,,ZLATA ČEBELICA,VEČ,0,0,,,,
8,1,,MATEMATIČNE UGANKE,KORDEMSKI BORIS A.,1,0,,,,
8,1,,ELEMENTARNE FUNKCIJE, KOMPLEKSNA ŠTEVILA,GREŠAK,2,0,,,
1,8,,KAPLAN MARTIN ČEDERMAC,BEVK FRANCE,0,0,,,,
5,2,,LIRIKA,RILKE RAINER MARIA,0,0,,,,
2,8,,NJEGOV VSAKDANJI KRUH,BUCK PEARL S.,0,0,,,,
2,8,,KRAMER PROTI KRAMERJU,CORMAN EVERY,0,0,,,,
5,1,,PODOBE IN SPEVI,PREMK, SIEBERER,0,0,,,
3,0,,TAJNO DRUŠTVO PGC,INGOLIČ ANTON,0,0,,,,
2,9,,CHRISTINE,KING STEPHEN,0,0,,,,
7,4,,PREGLED SVETOVNE KNJIŽEVNOSTI,KOS JANKO,1,0,,,,
